{"Random Forest": 0.9180018850141376, "KNN": 0.8746465598491989, "MobileNetV2": 0.9524856805801392}